Skills,Category
"JavaScript, Angular, Vue, CSS",Frontend Engineer
"Bootstrap, React, HTML, CSS",Frontend Engineer
"CSS, Bootstrap, JavaScript, React",Frontend Engineer
"JavaScript, HTML, Vue, Tailwind CSS",Frontend Engineer
"React, HTML, Vue, Tailwind CSS",Frontend Engineer
"CSS, Vue, Angular, Tailwind CSS",Frontend Engineer
"React, Vue, JavaScript, Angular",Frontend Engineer
"Bootstrap, CSS, JavaScript, Angular",Frontend Engineer
"CSS, JavaScript, HTML, Angular",Frontend Engineer
"Angular, CSS, React, Vue",Frontend Engineer
"JavaScript, React, Angular, Tailwind CSS",Frontend Engineer
"JavaScript, CSS, Bootstrap, Angular",Frontend Engineer
"Bootstrap, React, Angular, JavaScript",Frontend Engineer
"HTML, JavaScript, CSS, Vue",Frontend Engineer
"React, Vue, CSS, JavaScript",Frontend Engineer
"HTML, JavaScript, Tailwind CSS, Bootstrap",Frontend Engineer
"Bootstrap, JavaScript, Tailwind CSS, HTML",Frontend Engineer
"Bootstrap, JavaScript, Angular, React",Frontend Engineer
"JavaScript, Tailwind CSS, CSS, Bootstrap",Frontend Engineer
"CSS, HTML, Tailwind CSS, JavaScript",Frontend Engineer
"React, Bootstrap, HTML, Vue",Frontend Engineer
"Vue, JavaScript, Bootstrap, Tailwind CSS",Frontend Engineer
"Vue, Bootstrap, Angular, CSS",Frontend Engineer
"Bootstrap, React, Angular, CSS",Frontend Engineer
"Vue, CSS, React, JavaScript",Frontend Engineer
"Tailwind CSS, Angular, Bootstrap, CSS",Frontend Engineer
"Bootstrap, HTML, JavaScript, Vue",Frontend Engineer
"Vue, Angular, Bootstrap, React",Frontend Engineer
"CSS, HTML, Angular, Vue",Frontend Engineer
"React, Tailwind CSS, Bootstrap, CSS",Frontend Engineer
"Vue, HTML, Angular, React",Frontend Engineer
"CSS, Bootstrap, Tailwind CSS, HTML",Frontend Engineer
"React, Angular, JavaScript, Vue",Frontend Engineer
"JavaScript, React, Tailwind CSS, Bootstrap",Frontend Engineer
"Vue, HTML, React, CSS",Frontend Engineer
"Bootstrap, HTML, Tailwind CSS, Vue",Frontend Engineer
"JavaScript, React, HTML, Tailwind CSS",Frontend Engineer
"JavaScript, Angular, Vue, Bootstrap",Frontend Engineer
"HTML, CSS, JavaScript, React",Frontend Engineer
"CSS, Vue, React, Angular",Frontend Engineer
"Vue, Tailwind CSS, HTML, React",Frontend Engineer
"Tailwind CSS, React, HTML, Angular",Frontend Engineer
"JavaScript, React, CSS, Bootstrap",Frontend Engineer
"CSS, Vue, Bootstrap, HTML",Frontend Engineer
"Bootstrap, JavaScript, CSS, Vue",Frontend Engineer
"React, Bootstrap, CSS, Tailwind CSS",Frontend Engineer
"JavaScript, React, CSS, HTML",Frontend Engineer
"HTML, CSS, React, Angular",Frontend Engineer
"CSS, HTML, React, Tailwind CSS",Frontend Engineer
"HTML, Tailwind CSS, CSS, Vue",Frontend Engineer
"Angular, JavaScript, Bootstrap, Vue",Frontend Engineer
"Bootstrap, Angular, Vue, Tailwind CSS",Frontend Engineer
"CSS, Bootstrap, Angular, Tailwind CSS",Frontend Engineer
"Vue, HTML, Angular, React",Frontend Engineer
"Bootstrap, Tailwind CSS, Angular, Vue",Frontend Engineer
"Angular, Vue, HTML, React",Frontend Engineer
"React, Bootstrap, Tailwind CSS, Vue",Frontend Engineer
"Tailwind CSS, Angular, Bootstrap, React",Frontend Engineer
"CSS, JavaScript, HTML, Angular",Frontend Engineer
"CSS, HTML, Tailwind CSS, Bootstrap",Frontend Engineer
"CSS, Angular, Vue, React",Frontend Engineer
"HTML, React, Bootstrap, Vue",Frontend Engineer
"Bootstrap, Angular, Tailwind CSS, HTML",Frontend Engineer
"Vue, HTML, Angular, JavaScript",Frontend Engineer
"Tailwind CSS, HTML, CSS, Vue",Frontend Engineer
"JavaScript, React, Bootstrap, Vue",Frontend Engineer
"Angular, React, Bootstrap, JavaScript",Frontend Engineer
"Bootstrap, Vue, HTML, Tailwind CSS",Frontend Engineer
"React, Angular, JavaScript, CSS",Frontend Engineer
"Vue, CSS, JavaScript, React",Frontend Engineer
"Vue, CSS, JavaScript, Bootstrap",Frontend Engineer
"Bootstrap, Angular, JavaScript, Vue",Frontend Engineer
"Bootstrap, CSS, JavaScript, Vue",Frontend Engineer
"Angular, HTML, JavaScript, Tailwind CSS",Frontend Engineer
"Tailwind CSS, React, Bootstrap, HTML",Frontend Engineer
"React, CSS, HTML, Tailwind CSS",Frontend Engineer
"JavaScript, HTML, CSS, Bootstrap",Frontend Engineer
"JavaScript, HTML, Tailwind CSS, React",Frontend Engineer
"HTML, React, CSS, JavaScript",Frontend Engineer
"Bootstrap, Angular, JavaScript, CSS",Frontend Engineer
"CSS, React, JavaScript, HTML",Frontend Engineer
"Vue, JavaScript, CSS, Bootstrap",Frontend Engineer
"Bootstrap, Tailwind CSS, JavaScript, Angular",Frontend Engineer
"Vue, Tailwind CSS, CSS, Bootstrap",Frontend Engineer
"Angular, JavaScript, Bootstrap, HTML",Frontend Engineer
"CSS, Tailwind CSS, Vue, JavaScript",Frontend Engineer
"Tailwind CSS, Angular, HTML, React",Frontend Engineer
"Bootstrap, Vue, CSS, Tailwind CSS",Frontend Engineer
"HTML, JavaScript, Bootstrap, React",Frontend Engineer
"Angular, CSS, React, Tailwind CSS",Frontend Engineer
"Vue, Angular, CSS, Bootstrap",Frontend Engineer
"JavaScript, HTML, Angular, Vue",Frontend Engineer
"React, HTML, JavaScript, Bootstrap",Frontend Engineer
"Bootstrap, React, Angular, Vue",Frontend Engineer
"Bootstrap, CSS, Angular, React",Frontend Engineer
"Vue, CSS, JavaScript, React",Frontend Engineer
"JavaScript, HTML, React, Angular",Frontend Engineer
"Angular, JavaScript, HTML, CSS",Frontend Engineer
"Tailwind CSS, HTML, Vue, Bootstrap",Frontend Engineer
"Tailwind CSS, Vue, React, Angular",Frontend Engineer
"Java, Spring, Ruby, Django",Backend Engineer
"Python, Flask, Spring, Express.js",Backend Engineer
"Java, Python, Ruby, Flask",Backend Engineer
"Express.js, Java, Django, Flask",Backend Engineer
"Ruby, Flask, Java, Node.js",Backend Engineer
"Django, Python, Express.js, Ruby",Backend Engineer
"Spring, Flask, Django, Java",Backend Engineer
"Django, Ruby, Flask, Node.js",Backend Engineer
"Django, Python, Ruby, Java",Backend Engineer
"Python, Spring, Java, Ruby",Backend Engineer
"Express.js, Spring, Java, Flask",Backend Engineer
"Express.js, Python, Ruby, Django",Backend Engineer
"Flask, Django, Express.js, Spring",Backend Engineer
"Flask, Express.js, Python, Ruby",Backend Engineer
"Node.js, Django, Express.js, Java",Backend Engineer
"Java, Flask, Python, Express.js",Backend Engineer
"Express.js, Spring, Java, Flask",Backend Engineer
"Django, Python, Ruby, Flask",Backend Engineer
"Express.js, Django, Spring, Java",Backend Engineer
"Django, Python, Express.js, Java",Backend Engineer
"Node.js, Flask, Python, Spring",Backend Engineer
"Spring, Flask, Express.js, Django",Backend Engineer
"Ruby, Spring, Django, Flask",Backend Engineer
"Express.js, Ruby, Python, Java",Backend Engineer
"Ruby, Flask, Java, Python",Backend Engineer
"Node.js, Django, Flask, Ruby",Backend Engineer
"Java, Spring, Node.js, Ruby",Backend Engineer
"Django, Ruby, Java, Python",Backend Engineer
"Django, Python, Spring, Java",Backend Engineer
"Express.js, Python, Flask, Node.js",Backend Engineer
"Java, Python, Ruby, Spring",Backend Engineer
"Express.js, Java, Ruby, Django",Backend Engineer
"Python, Java, Spring, Node.js",Backend Engineer
"Express.js, Java, Spring, Django",Backend Engineer
"Django, Python, Express.js, Flask",Backend Engineer
"Java, Spring, Flask, Node.js",Backend Engineer
"Django, Java, Node.js, Spring",Backend Engineer
"Flask, Java, Ruby, Django",Backend Engineer
"Node.js, Ruby, Django, Express.js",Backend Engineer
"Django, Flask, Node.js, Python",Backend Engineer
"Express.js, Node.js, Spring, Ruby",Backend Engineer
"Node.js, Django, Python, Java",Backend Engineer
"Node.js, Java, Ruby, Express.js",Backend Engineer
"Python, Django, Java, Ruby",Backend Engineer
"Flask, Java, Django, Ruby",Backend Engineer
"Node.js, Django, Express.js, Spring",Backend Engineer
"Express.js, Django, Node.js, Java",Backend Engineer
"Flask, Python, Express.js, Java",Backend Engineer
"Java, Node.js, Flask, Django",Backend Engineer
"Spring, Node.js, Express.js, Ruby",Backend Engineer
"Java, Ruby, Python, Express.js",Backend Engineer
"Python, Ruby, Java, Django",Backend Engineer
"Spring, Ruby, Django, Python",Backend Engineer
"Flask, Node.js, Java, Django",Backend Engineer
"Spring, Python, Express.js, Django",Backend Engineer
"Django, Node.js, Express.js, Python",Backend Engineer
"Ruby, Python, Express.js, Django",Backend Engineer
"Java, Python, Node.js, Ruby",Backend Engineer
"Express.js, Node.js, Flask, Python",Backend Engineer
"Flask, Spring, Ruby, Django",Backend Engineer
"Java, Node.js, Spring, Python",Backend Engineer
"Flask, Express.js, Java, Python",Backend Engineer
"Java, Node.js, Express.js, Spring",Backend Engineer
"Python, Java, Ruby, Flask",Backend Engineer
"Node.js, Spring, Flask, Java",Backend Engineer
"Ruby, Java, Node.js, Flask",Backend Engineer
"Node.js, Java, Python, Spring",Backend Engineer
"Python, Java, Ruby, Django",Backend Engineer
"Flask, Spring, Node.js, Express.js",Backend Engineer
"Node.js, Spring, Flask, Python",Backend Engineer
"Node.js, Python, Express.js, Flask",Backend Engineer
"Flask, Ruby, Java, Express.js",Backend Engineer
"Java, Django, Ruby, Node.js",Backend Engineer
"Java, Spring, Django, Express.js",Backend Engineer
"Express.js, Python, Java, Django",Backend Engineer
"Python, Java, Flask, Ruby",Backend Engineer
"Express.js, Spring, Django, Java",Backend Engineer
"Django, Flask, Node.js, Spring",Backend Engineer
"Ruby, Node.js, Express.js, Django",Backend Engineer
"Express.js, Java, Django, Node.js",Backend Engineer
"Express.js, Spring, Java, Node.js",Backend Engineer
"Python, Flask, Django, Ruby",Backend Engineer
"Java, Django, Flask, Node.js",Backend Engineer
"Python, Java, Spring, Express.js",Backend Engineer
"Ruby, Django, Spring, Python",Backend Engineer
"Express.js, Node.js, Ruby, Flask",Backend Engineer
"Ruby, Spring, Express.js, Node.js",Backend Engineer
"Express.js, Node.js, Ruby, Python",Backend Engineer
"Django, Ruby, Spring, Node.js",Backend Engineer
"Spring, Express.js, Node.js, Flask",Backend Engineer
"Express.js, Spring, Ruby, Node.js",Backend Engineer
"Python, Django, Node.js, Express.js",Backend Engineer
"Node.js, Python, Flask, Ruby",Backend Engineer
"Java, Django, Ruby, Python",Backend Engineer
"Express.js, Spring, Ruby, Flask",Backend Engineer
"Express.js, Python, Django, Spring",Backend Engineer
"Django, Python, Flask, Ruby",Backend Engineer
"Java, Python, Express.js, Django",Backend Engineer
"Spring, Express.js, Django, Node.js",Backend Engineer
"Node.js, Ruby, Spring, Java",Backend Engineer
"React, HTML, MongoDB, SQL",Full Stack Engineer
"MongoDB, SQL, CSS, Node.js",Full Stack Engineer
"JavaScript, Python, Node.js, CSS",Full Stack Engineer
"CSS, React, Node.js, MongoDB",Full Stack Engineer
"React, MongoDB, CSS, Python",Full Stack Engineer
"React, Python, CSS, HTML",Full Stack Engineer
"MongoDB, CSS, Python, Node.js",Full Stack Engineer
"Python, HTML, CSS, MongoDB",Full Stack Engineer
"React, SQL, HTML, Python",Full Stack Engineer
"React, MongoDB, Python, JavaScript",Full Stack Engineer
"JavaScript, CSS, React, HTML",Full Stack Engineer
"Python, Node.js, React, CSS",Full Stack Engineer
"MongoDB, SQL, CSS, Node.js",Full Stack Engineer
"Python, React, CSS, JavaScript",Full Stack Engineer
"CSS, HTML, Python, MongoDB",Full Stack Engineer
"React, MongoDB, Python, SQL",Full Stack Engineer
"Python, SQL, HTML, CSS",Full Stack Engineer
"Node.js, React, MongoDB, JavaScript",Full Stack Engineer
"SQL, MongoDB, HTML, JavaScript",Full Stack Engineer
"SQL, HTML, React, CSS",Full Stack Engineer
"SQL, JavaScript, React, Python",Full Stack Engineer
"Node.js, SQL, HTML, JavaScript",Full Stack Engineer
"JavaScript, MongoDB, React, Python",Full Stack Engineer
"React, JavaScript, HTML, SQL",Full Stack Engineer
"Node.js, CSS, HTML, MongoDB",Full Stack Engineer
"SQL, JavaScript, Node.js, Python",Full Stack Engineer
"MongoDB, CSS, Node.js, JavaScript",Full Stack Engineer
"CSS, React, MongoDB, SQL",Full Stack Engineer
"Python, Node.js, React, CSS",Full Stack Engineer
"SQL, React, JavaScript, CSS",Full Stack Engineer
"HTML, JavaScript, CSS, React",Full Stack Engineer
"SQL, Python, React, JavaScript",Full Stack Engineer
"Node.js, CSS, HTML, MongoDB",Full Stack Engineer
"SQL, CSS, React, Python",Full Stack Engineer
"JavaScript, SQL, CSS, Node.js",Full Stack Engineer
"HTML, CSS, Python, JavaScript",Full Stack Engineer
"JavaScript, CSS, SQL, MongoDB",Full Stack Engineer
"MongoDB, React, HTML, Python",Full Stack Engineer
"React, JavaScript, Python, SQL",Full Stack Engineer
"React, CSS, HTML, MongoDB",Full Stack Engineer
"Python, JavaScript, Node.js, React",Full Stack Engineer
"CSS, SQL, Node.js, HTML",Full Stack Engineer
"React, Node.js, SQL, MongoDB",Full Stack Engineer
"Node.js, MongoDB, Python, React",Full Stack Engineer
"MongoDB, Node.js, SQL, HTML",Full Stack Engineer
"Python, JavaScript, SQL, CSS",Full Stack Engineer
"Node.js, React, JavaScript, Python",Full Stack Engineer
"JavaScript, CSS, Node.js, Python",Full Stack Engineer
"JavaScript, Python, MongoDB, React",Full Stack Engineer
"Python, SQL, JavaScript, Node.js",Full Stack Engineer
"CSS, Python, Node.js, MongoDB",Full Stack Engineer
"React, JavaScript, SQL, MongoDB",Full Stack Engineer
"Node.js, SQL, CSS, HTML",Full Stack Engineer
"React, HTML, Python, Node.js",Full Stack Engineer
"Node.js, JavaScript, CSS, Python",Full Stack Engineer
"MongoDB, React, Python, Node.js",Full Stack Engineer
"CSS, SQL, Node.js, MongoDB",Full Stack Engineer
"Python, SQL, JavaScript, React",Full Stack Engineer
"CSS, SQL, Node.js, HTML",Full Stack Engineer
"CSS, React, MongoDB, Node.js",Full Stack Engineer
"Python, MongoDB, React, SQL",Full Stack Engineer
"SQL, MongoDB, HTML, React",Full Stack Engineer
"MongoDB, Node.js, HTML, Python",Full Stack Engineer
"SQL, Node.js, MongoDB, JavaScript",Full Stack Engineer
"HTML, Node.js, MongoDB, JavaScript",Full Stack Engineer
"Python, SQL, React, JavaScript",Full Stack Engineer
"CSS, Python, JavaScript, SQL",Full Stack Engineer
"HTML, CSS, JavaScript, MongoDB",Full Stack Engineer
"React, JavaScript, HTML, Node.js",Full Stack Engineer
"MongoDB, Node.js, React, JavaScript",Full Stack Engineer
"Node.js, Python, CSS, JavaScript",Full Stack Engineer
"CSS, Python, JavaScript, React",Full Stack Engineer
"SQL, React, JavaScript, CSS",Full Stack Engineer
"MongoDB, JavaScript, React, SQL",Full Stack Engineer
"CSS, HTML, Python, React",Full Stack Engineer
"Python, Node.js, CSS, HTML",Full Stack Engineer
"MongoDB, CSS, Python, React",Full Stack Engineer
"HTML, CSS, Node.js, React",Full Stack Engineer
"Node.js, Python, JavaScript, MongoDB",Full Stack Engineer
"SQL, Node.js, CSS, MongoDB",Full Stack Engineer
"SQL, MongoDB, HTML, CSS",Full Stack Engineer
"HTML, JavaScript, SQL, React",Full Stack Engineer
"MongoDB, CSS, React, SQL",Full Stack Engineer
"Python, CSS, MongoDB, JavaScript",Full Stack Engineer
"React, MongoDB, Python, CSS",Full Stack Engineer
"SQL, HTML, Node.js, React",Full Stack Engineer
"JavaScript, Python, CSS, MongoDB",Full Stack Engineer
"Python, Node.js, MongoDB, HTML",Full Stack Engineer
"MongoDB, JavaScript, SQL, HTML",Full Stack Engineer
"MongoDB, SQL, CSS, JavaScript",Full Stack Engineer
"MongoDB, Python, JavaScript, CSS",Full Stack Engineer
"Node.js, JavaScript, React, Python",Full Stack Engineer
"JavaScript, Node.js, SQL, HTML",Full Stack Engineer
"HTML, JavaScript, SQL, Python",Full Stack Engineer
"React, HTML, CSS, SQL",Full Stack Engineer
"React, Node.js, HTML, JavaScript",Full Stack Engineer
"MongoDB, Python, JavaScript, CSS",Full Stack Engineer
"JavaScript, SQL, Python, HTML",Full Stack Engineer
"React, SQL, Node.js, Python",Full Stack Engineer
"React, JavaScript, Python, Node.js",Full Stack Engineer
"TensorFlow, Pandas, Python, Scikit-learn",Data Scientist
"Python, Scikit-learn, SQL, TensorFlow",Data Scientist
"SQL, NumPy, R, Machine Learning",Data Scientist
"TensorFlow, SQL, Pandas, Python",Data Scientist
"Pandas, R, Scikit-learn, TensorFlow",Data Scientist
"R, NumPy, Scikit-learn, Pandas",Data Scientist
"Machine Learning, Scikit-learn, R, SQL",Data Scientist
"Scikit-learn, SQL, Python, R",Data Scientist
"SQL, Machine Learning, Pandas, Python",Data Scientist
"TensorFlow, SQL, Python, Scikit-learn",Data Scientist
"TensorFlow, Scikit-learn, Machine Learning, Python",Data Scientist
"NumPy, Python, R, Scikit-learn",Data Scientist
"Pandas, R, SQL, TensorFlow",Data Scientist
"SQL, Scikit-learn, TensorFlow, Machine Learning",Data Scientist
"NumPy, Pandas, TensorFlow, Scikit-learn",Data Scientist
"Pandas, SQL, Python, Scikit-learn",Data Scientist
"TensorFlow, Python, Scikit-learn, R",Data Scientist
"Pandas, Python, R, SQL",Data Scientist
"SQL, Scikit-learn, R, Machine Learning",Data Scientist
"R, Python, TensorFlow, Pandas",Data Scientist
"Scikit-learn, NumPy, Pandas, TensorFlow",Data Scientist
"NumPy, TensorFlow, R, Pandas",Data Scientist
"Scikit-learn, TensorFlow, SQL, NumPy",Data Scientist
"TensorFlow, NumPy, Machine Learning, Scikit-learn",Data Scientist
"TensorFlow, SQL, NumPy, Pandas",Data Scientist
"TensorFlow, NumPy, Machine Learning, SQL",Data Scientist
"SQL, Scikit-learn, Python, TensorFlow",Data Scientist
"R, NumPy, Python, TensorFlow",Data Scientist
"TensorFlow, Machine Learning, SQL, R",Data Scientist
"R, Machine Learning, Pandas, SQL",Data Scientist
"R, Scikit-learn, SQL, Pandas",Data Scientist
"Scikit-learn, R, Python, NumPy",Data Scientist
"R, Pandas, Python, SQL",Data Scientist
"TensorFlow, NumPy, SQL, Pandas",Data Scientist
"TensorFlow, Machine Learning, NumPy, R",Data Scientist
"Scikit-learn, Python, Pandas, Machine Learning",Data Scientist
"Scikit-learn, Pandas, Python, R",Data Scientist
"TensorFlow, NumPy, SQL, R",Data Scientist
"R, Scikit-learn, Pandas, Machine Learning",Data Scientist
"R, Scikit-learn, Python, TensorFlow",Data Scientist
"TensorFlow, R, Machine Learning, Pandas",Data Scientist
"Pandas, Machine Learning, Python, Scikit-learn",Data Scientist
"Python, Scikit-learn, SQL, R",Data Scientist
"Python, Pandas, R, Machine Learning",Data Scientist
"Machine Learning, SQL, TensorFlow, Pandas",Data Scientist
"Scikit-learn, Python, SQL, R",Data Scientist
"SQL, R, Pandas, Python",Data Scientist
"Scikit-learn, SQL, Machine Learning, Pandas",Data Scientist
"NumPy, Machine Learning, SQL, Pandas",Data Scientist
"Python, R, Machine Learning, Pandas",Data Scientist
"Machine Learning, NumPy, TensorFlow, Pandas",Data Scientist
"TensorFlow, SQL, Scikit-learn, R",Data Scientist
"SQL, NumPy, Python, Pandas",Data Scientist
"Python, Pandas, NumPy, R",Data Scientist
"Machine Learning, TensorFlow, Pandas, SQL",Data Scientist
"Python, NumPy, Machine Learning, R",Data Scientist
"TensorFlow, Python, Machine Learning, Pandas",Data Scientist
"TensorFlow, NumPy, Scikit-learn, Python",Data Scientist
"Scikit-learn, Pandas, Machine Learning, NumPy",Data Scientist
"Scikit-learn, Pandas, SQL, TensorFlow",Data Scientist
"Machine Learning, Scikit-learn, NumPy, Python",Data Scientist
"R, Machine Learning, Pandas, TensorFlow",Data Scientist
"SQL, Python, Scikit-learn, R",Data Scientist
"NumPy, SQL, Python, TensorFlow",Data Scientist
"TensorFlow, Machine Learning, R, Python",Data Scientist
"R, NumPy, TensorFlow, Pandas",Data Scientist
"Machine Learning, SQL, NumPy, Pandas",Data Scientist
"Machine Learning, TensorFlow, SQL, Scikit-learn",Data Scientist
"NumPy, Pandas, Python, Machine Learning",Data Scientist
"R, Scikit-learn, Pandas, Machine Learning",Data Scientist
"NumPy, R, SQL, Scikit-learn",Data Scientist
"Scikit-learn, R, Machine Learning, SQL",Data Scientist
"SQL, Scikit-learn, Python, R",Data Scientist
"Pandas, TensorFlow, SQL, Python",Data Scientist
"Machine Learning, SQL, Python, Pandas",Data Scientist
"R, NumPy, Python, TensorFlow",Data Scientist
"R, TensorFlow, Python, NumPy",Data Scientist
"Scikit-learn, Machine Learning, R, SQL",Data Scientist
"Scikit-learn, Python, Machine Learning, SQL",Data Scientist
"NumPy, Pandas, Machine Learning, Scikit-learn",Data Scientist
"Pandas, Scikit-learn, NumPy, TensorFlow",Data Scientist
"Scikit-learn, TensorFlow, Pandas, R",Data Scientist
"Machine Learning, Python, Pandas, NumPy",Data Scientist
"Pandas, SQL, NumPy, R",Data Scientist
"SQL, TensorFlow, Scikit-learn, Machine Learning",Data Scientist
"TensorFlow, Machine Learning, Pandas, R",Data Scientist
"NumPy, Scikit-learn, SQL, TensorFlow",Data Scientist
"Python, Machine Learning, Pandas, SQL",Data Scientist
"TensorFlow, Machine Learning, NumPy, SQL",Data Scientist
"Machine Learning, R, Scikit-learn, Pandas",Data Scientist
"TensorFlow, Machine Learning, R, Pandas",Data Scientist
"NumPy, Machine Learning, TensorFlow, SQL",Data Scientist
"R, Scikit-learn, Pandas, Python",Data Scientist
"Pandas, NumPy, SQL, Scikit-learn",Data Scientist
"Machine Learning, R, Pandas, SQL",Data Scientist
"TensorFlow, SQL, Machine Learning, Python",Data Scientist
"Scikit-learn, SQL, TensorFlow, R",Data Scientist
"Pandas, Machine Learning, R, Python",Data Scientist
"Machine Learning, SQL, Python, TensorFlow",Data Scientist
"Machine Learning, Python, Pandas, SQL",Data Scientist
"Machine Learning, Python, OpenCV, Deep Learning",Machine Learning Engineer
"PyTorch, Keras, Machine Learning, Python",Machine Learning Engineer
"OpenCV, Keras, Machine Learning, PyTorch",Machine Learning Engineer
"OpenCV, Python, TensorFlow, Machine Learning",Machine Learning Engineer
"Keras, TensorFlow, Machine Learning, OpenCV",Machine Learning Engineer
"Python, Machine Learning, Scikit-learn, PyTorch",Machine Learning Engineer
"OpenCV, Scikit-learn, Keras, PyTorch",Machine Learning Engineer
"Machine Learning, TensorFlow, OpenCV, Keras",Machine Learning Engineer
"OpenCV, Python, TensorFlow, PyTorch",Machine Learning Engineer
"Scikit-learn, Keras, OpenCV, TensorFlow",Machine Learning Engineer
"Python, Scikit-learn, Deep Learning, TensorFlow",Machine Learning Engineer
"TensorFlow, Deep Learning, Scikit-learn, Machine Learning",Machine Learning Engineer
"Deep Learning, TensorFlow, Machine Learning, Keras",Machine Learning Engineer
"PyTorch, Deep Learning, Scikit-learn, Keras",Machine Learning Engineer
"Deep Learning, Python, Machine Learning, TensorFlow",Machine Learning Engineer
"Python, PyTorch, Machine Learning, Scikit-learn",Machine Learning Engineer
"Deep Learning, Scikit-learn, Keras, PyTorch",Machine Learning Engineer
"Scikit-learn, Python, PyTorch, Keras",Machine Learning Engineer
"Keras, Python, TensorFlow, PyTorch",Machine Learning Engineer
"Machine Learning, PyTorch, Deep Learning, Python",Machine Learning Engineer
"Python, OpenCV, Scikit-learn, PyTorch",Machine Learning Engineer
"PyTorch, Python, OpenCV, Keras",Machine Learning Engineer
"Machine Learning, PyTorch, Scikit-learn, OpenCV",Machine Learning Engineer
"Deep Learning, Keras, PyTorch, Scikit-learn",Machine Learning Engineer
"Keras, OpenCV, PyTorch, Python",Machine Learning Engineer
"Deep Learning, Python, Machine Learning, Keras",Machine Learning Engineer
"Python, Keras, PyTorch, Scikit-learn",Machine Learning Engineer
"Python, Scikit-learn, Machine Learning, OpenCV",Machine Learning Engineer
"Keras, TensorFlow, OpenCV, Scikit-learn",Machine Learning Engineer
"Python, Machine Learning, TensorFlow, Deep Learning",Machine Learning Engineer
"Python, Deep Learning, PyTorch, Scikit-learn",Machine Learning Engineer
"TensorFlow, Scikit-learn, Deep Learning, Keras",Machine Learning Engineer
"Python, Keras, TensorFlow, OpenCV",Machine Learning Engineer
"Scikit-learn, Deep Learning, Machine Learning, Python",Machine Learning Engineer
"OpenCV, Scikit-learn, Deep Learning, Python",Machine Learning Engineer
"Machine Learning, Keras, Python, PyTorch",Machine Learning Engineer
"Machine Learning, PyTorch, Python, Keras",Machine Learning Engineer
"Python, TensorFlow, Deep Learning, Keras",Machine Learning Engineer
"Deep Learning, Machine Learning, OpenCV, PyTorch",Machine Learning Engineer
"OpenCV, Python, TensorFlow, Machine Learning",Machine Learning Engineer
"OpenCV, TensorFlow, Deep Learning, PyTorch",Machine Learning Engineer
"TensorFlow, PyTorch, Scikit-learn, Keras",Machine Learning Engineer
"Python, TensorFlow, Keras, PyTorch",Machine Learning Engineer
"PyTorch, Python, Deep Learning, Scikit-learn",Machine Learning Engineer
"Python, OpenCV, PyTorch, Scikit-learn",Machine Learning Engineer
"Python, PyTorch, Machine Learning, TensorFlow",Machine Learning Engineer
"Python, Machine Learning, Scikit-learn, Deep Learning",Machine Learning Engineer
"Machine Learning, OpenCV, TensorFlow, PyTorch",Machine Learning Engineer
"Scikit-learn, PyTorch, Python, TensorFlow",Machine Learning Engineer
"TensorFlow, PyTorch, Python, Machine Learning",Machine Learning Engineer
"Keras, Python, TensorFlow, OpenCV",Machine Learning Engineer
"Scikit-learn, Deep Learning, Python, TensorFlow",Machine Learning Engineer
"Deep Learning, Python, TensorFlow, Scikit-learn",Machine Learning Engineer
"Python, TensorFlow, OpenCV, Keras",Machine Learning Engineer
"TensorFlow, Machine Learning, Scikit-learn, Keras",Machine Learning Engineer
"Machine Learning, PyTorch, Keras, Python",Machine Learning Engineer
"Keras, PyTorch, Python, Machine Learning",Machine Learning Engineer
"PyTorch, OpenCV, Keras, TensorFlow",Machine Learning Engineer
"TensorFlow, Keras, Scikit-learn, Deep Learning",Machine Learning Engineer
"Machine Learning, PyTorch, Python, Deep Learning",Machine Learning Engineer
"Python, PyTorch, OpenCV, Scikit-learn",Machine Learning Engineer
"Python, OpenCV, TensorFlow, Keras",Machine Learning Engineer
"Scikit-learn, Python, Deep Learning, PyTorch",Machine Learning Engineer
"TensorFlow, Deep Learning, OpenCV, Keras",Machine Learning Engineer
"Deep Learning, Python, TensorFlow, OpenCV",Machine Learning Engineer
"Python, Keras, Machine Learning, Scikit-learn",Machine Learning Engineer
"Machine Learning, PyTorch, Python, Deep Learning",Machine Learning Engineer
"TensorFlow, Deep Learning, Keras, Machine Learning",Machine Learning Engineer
"Python, Scikit-learn, PyTorch, Deep Learning",Machine Learning Engineer
"PyTorch, Machine Learning, OpenCV, TensorFlow",Machine Learning Engineer
"Scikit-learn, Keras, Python, OpenCV",Machine Learning Engineer
"TensorFlow, Keras, PyTorch, Scikit-learn",Machine Learning Engineer
"Machine Learning, TensorFlow, Deep Learning, Keras",Machine Learning Engineer
"PyTorch, OpenCV, Python, Scikit-learn",Machine Learning Engineer
"OpenCV, Machine Learning, PyTorch, Scikit-learn",Machine Learning Engineer
"Scikit-learn, OpenCV, PyTorch, Deep Learning",Machine Learning Engineer
"TensorFlow, Scikit-learn, Keras, OpenCV",Machine Learning Engineer
"Python, Keras, Scikit-learn, OpenCV",Machine Learning Engineer
"Keras, Python, TensorFlow, Deep Learning",Machine Learning Engineer
"OpenCV, Scikit-learn, TensorFlow, Keras",Machine Learning Engineer
"Scikit-learn, TensorFlow, PyTorch, Machine Learning",Machine Learning Engineer
"Scikit-learn, Keras, PyTorch, Deep Learning",Machine Learning Engineer
"PyTorch, OpenCV, Machine Learning, Python",Machine Learning Engineer
"Python, Machine Learning, PyTorch, Keras",Machine Learning Engineer
"PyTorch, TensorFlow, OpenCV, Python",Machine Learning Engineer
"TensorFlow, Python, OpenCV, Deep Learning",Machine Learning Engineer
"Python, Deep Learning, TensorFlow, Scikit-learn",Machine Learning Engineer
"PyTorch, TensorFlow, Keras, Python",Machine Learning Engineer
"Deep Learning, Keras, TensorFlow, Python",Machine Learning Engineer
"OpenCV, PyTorch, Keras, Scikit-learn",Machine Learning Engineer
"PyTorch, Scikit-learn, Keras, Deep Learning",Machine Learning Engineer
"Scikit-learn, Machine Learning, Deep Learning, OpenCV",Machine Learning Engineer
"Python, TensorFlow, Scikit-learn, Keras",Machine Learning Engineer
"Python, OpenCV, TensorFlow, Keras",Machine Learning Engineer
"Machine Learning, Keras, OpenCV, Python",Machine Learning Engineer
"Deep Learning, TensorFlow, Python, Scikit-learn",Machine Learning Engineer
"Scikit-learn, TensorFlow, Python, PyTorch",Machine Learning Engineer
"OpenCV, TensorFlow, Deep Learning, Scikit-learn",Machine Learning Engineer
"Python, Scikit-learn, Deep Learning, PyTorch",Machine Learning Engineer
"OpenCV, Scikit-learn, PyTorch, TensorFlow",Machine Learning Engineer
"CI/CD, Terraform, Docker, AWS",DevOps Engineer
"Linux, CI/CD, Docker, AWS",DevOps Engineer
"Kubernetes, Terraform, Linux, Docker",DevOps Engineer
"Docker, Kubernetes, Terraform, Linux",DevOps Engineer
"Docker, Linux, Azure, AWS",DevOps Engineer
"Kubernetes, Bash, AWS, Azure",DevOps Engineer
"Linux, Azure, CI/CD, AWS",DevOps Engineer
"Terraform, Bash, Linux, Docker",DevOps Engineer
"Terraform, Bash, Docker, Linux",DevOps Engineer
"Docker, Azure, Linux, Terraform",DevOps Engineer
"Azure, Kubernetes, Docker, Terraform",DevOps Engineer
"Kubernetes, Docker, CI/CD, AWS",DevOps Engineer
"Azure, Docker, Terraform, AWS",DevOps Engineer
"Docker, Terraform, AWS, Bash",DevOps Engineer
"Bash, Azure, Kubernetes, AWS",DevOps Engineer
"Bash, AWS, Terraform, Docker",DevOps Engineer
"Docker, Terraform, AWS, Bash",DevOps Engineer
"Azure, CI/CD, AWS, Linux",DevOps Engineer
"Bash, Linux, CI/CD, Docker",DevOps Engineer
"Kubernetes, Linux, AWS, Bash",DevOps Engineer
"Linux, Docker, Kubernetes, CI/CD",DevOps Engineer
"Azure, Terraform, Bash, CI/CD",DevOps Engineer
"Bash, Kubernetes, AWS, Docker",DevOps Engineer
"Docker, Bash, AWS, CI/CD",DevOps Engineer
"AWS, Linux, Kubernetes, CI/CD",DevOps Engineer
"Docker, AWS, Linux, Kubernetes",DevOps Engineer
"AWS, CI/CD, Bash, Terraform",DevOps Engineer
"CI/CD, Bash, Azure, AWS",DevOps Engineer
"Docker, Terraform, Linux, AWS",DevOps Engineer
"Bash, Docker, Linux, Kubernetes",DevOps Engineer
"Azure, Bash, AWS, Terraform",DevOps Engineer
"Terraform, Docker, Kubernetes, Bash",DevOps Engineer
"Linux, Terraform, Bash, Azure",DevOps Engineer
"CI/CD, Docker, Azure, AWS",DevOps Engineer
"CI/CD, Bash, AWS, Kubernetes",DevOps Engineer
"Linux, Kubernetes, AWS, Docker",DevOps Engineer
"Bash, AWS, Terraform, Docker",DevOps Engineer
"Docker, CI/CD, Kubernetes, AWS",DevOps Engineer
"Azure, Bash, AWS, Docker",DevOps Engineer
"Kubernetes, Docker, AWS, Azure",DevOps Engineer
"Docker, Azure, CI/CD, Kubernetes",DevOps Engineer
"Linux, Terraform, Docker, Kubernetes",DevOps Engineer
"Docker, Linux, CI/CD, Kubernetes",DevOps Engineer
"Docker, Kubernetes, Terraform, CI/CD",DevOps Engineer
"Docker, Terraform, Azure, Kubernetes",DevOps Engineer
"Bash, Kubernetes, CI/CD, Azure",DevOps Engineer
"CI/CD, Azure, AWS, Linux",DevOps Engineer
"Linux, Azure, Bash, AWS",DevOps Engineer
"Bash, Azure, Docker, Kubernetes",DevOps Engineer
"CI/CD, Linux, Docker, AWS",DevOps Engineer
"Linux, Docker, CI/CD, AWS",DevOps Engineer
"Linux, Bash, Azure, Kubernetes",DevOps Engineer
"Kubernetes, Azure, AWS, CI/CD",DevOps Engineer
"AWS, CI/CD, Bash, Azure",DevOps Engineer
"Bash, AWS, Linux, Azure",DevOps Engineer
"Docker, Bash, Terraform, Kubernetes",DevOps Engineer
"Docker, Linux, AWS, Bash",DevOps Engineer
"Docker, Bash, Terraform, Linux",DevOps Engineer
"Kubernetes, Docker, CI/CD, Azure",DevOps Engineer
"Bash, Linux, CI/CD, Azure",DevOps Engineer
"CI/CD, AWS, Terraform, Docker",DevOps Engineer
"Bash, Docker, Linux, CI/CD",DevOps Engineer
"Terraform, AWS, Linux, Azure",DevOps Engineer
"AWS, CI/CD, Linux, Docker",DevOps Engineer
"AWS, Azure, Bash, Linux",DevOps Engineer
"Kubernetes, CI/CD, Terraform, AWS",DevOps Engineer
"AWS, Terraform, Docker, Bash",DevOps Engineer
"Linux, CI/CD, AWS, Kubernetes",DevOps Engineer
"Kubernetes, Docker, Linux, Terraform",DevOps Engineer
"Kubernetes, Bash, AWS, Docker",DevOps Engineer
"Bash, CI/CD, Azure, Terraform",DevOps Engineer
"Docker, Kubernetes, CI/CD, Bash",DevOps Engineer
"Kubernetes, Linux, Azure, CI/CD",DevOps Engineer
"Docker, Linux, Azure, Terraform",DevOps Engineer
"Kubernetes, Docker, CI/CD, Linux",DevOps Engineer
"Azure, CI/CD, Docker, Kubernetes",DevOps Engineer
"Linux, Kubernetes, Bash, Terraform",DevOps Engineer
"Linux, Kubernetes, Terraform, Azure",DevOps Engineer
"Kubernetes, Bash, Linux, Docker",DevOps Engineer
"Docker, Bash, Kubernetes, Linux",DevOps Engineer
"Bash, Azure, AWS, CI/CD",DevOps Engineer
"Docker, Kubernetes, Azure, CI/CD",DevOps Engineer
"Bash, Azure, Linux, Kubernetes",DevOps Engineer
"Kubernetes, Azure, Bash, CI/CD",DevOps Engineer
"Azure, Linux, Bash, CI/CD",DevOps Engineer
"Docker, Bash, Kubernetes, Terraform",DevOps Engineer
"CI/CD, Docker, Kubernetes, AWS",DevOps Engineer
"CI/CD, Terraform, Linux, Bash",DevOps Engineer
"Docker, Bash, Kubernetes, AWS",DevOps Engineer
"Terraform, AWS, Bash, CI/CD",DevOps Engineer
"Terraform, Azure, Bash, AWS",DevOps Engineer
"Docker, AWS, CI/CD, Terraform",DevOps Engineer
"Docker, Linux, Kubernetes, Terraform",DevOps Engineer
"Terraform, Azure, Linux, AWS",DevOps Engineer
"AWS, Terraform, CI/CD, Azure",DevOps Engineer
"Linux, Bash, Docker, Kubernetes",DevOps Engineer
"Kubernetes, Bash, Terraform, Azure",DevOps Engineer
"Terraform, Bash, Docker, Linux",DevOps Engineer
"Linux, CI/CD, AWS, Kubernetes",DevOps Engineer
"AWS, CI/CD, Terraform, Docker",DevOps Engineer
"Android, Swift, Java, Dart",Mobile App Developer
"Swift, Java, Flutter, React Native",Mobile App Developer
"React Native, Dart, Kotlin, Java",Mobile App Developer
"Kotlin, Android, iOS, Flutter",Mobile App Developer
"Android, Swift, Kotlin, React Native",Mobile App Developer
"React Native, Java, Dart, Android",Mobile App Developer
"Swift, Flutter, Dart, Android",Mobile App Developer
"Swift, Flutter, iOS, Android",Mobile App Developer
"Dart, React Native, iOS, Kotlin",Mobile App Developer
"Dart, Flutter, iOS, Kotlin",Mobile App Developer
"Dart, Flutter, Java, React Native",Mobile App Developer
"Android, React Native, Dart, iOS",Mobile App Developer
"iOS, Flutter, Swift, Android",Mobile App Developer
"React Native, Swift, Flutter, Dart",Mobile App Developer
"React Native, Kotlin, Flutter, Android",Mobile App Developer
"Flutter, iOS, React Native, Kotlin",Mobile App Developer
"Swift, React Native, Java, Kotlin",Mobile App Developer
"React Native, Flutter, Dart, Kotlin",Mobile App Developer
"React Native, iOS, Dart, Flutter",Mobile App Developer
"Java, Android, Swift, iOS",Mobile App Developer
"React Native, Swift, Dart, Java",Mobile App Developer
"Android, Swift, Java, iOS",Mobile App Developer
"Flutter, iOS, React Native, Kotlin",Mobile App Developer
"Kotlin, Swift, React Native, Flutter",Mobile App Developer
"Java, Kotlin, React Native, Android",Mobile App Developer
"Dart, iOS, Android, Java",Mobile App Developer
"Java, Android, React Native, Kotlin",Mobile App Developer
"React Native, Swift, Java, Android",Mobile App Developer
"Android, Swift, Dart, React Native",Mobile App Developer
"Dart, React Native, Java, Android",Mobile App Developer
"Dart, React Native, Flutter, Swift",Mobile App Developer
"iOS, Flutter, Android, Java",Mobile App Developer
"Swift, React Native, Flutter, iOS",Mobile App Developer
"Kotlin, Android, Dart, iOS",Mobile App Developer
"Android, Flutter, Kotlin, Swift",Mobile App Developer
"Flutter, Kotlin, Dart, Java",Mobile App Developer
"Dart, Kotlin, Java, Android",Mobile App Developer
"Android, Java, Flutter, iOS",Mobile App Developer
"Flutter, iOS, Java, Swift",Mobile App Developer
"Swift, iOS, React Native, Kotlin",Mobile App Developer
"Java, React Native, Android, Swift",Mobile App Developer
"React Native, Dart, Swift, Java",Mobile App Developer
"Java, Dart, Kotlin, Android",Mobile App Developer
"Kotlin, iOS, Flutter, React Native",Mobile App Developer
"Android, Flutter, iOS, Java",Mobile App Developer
"React Native, Swift, Dart, Android",Mobile App Developer
"Swift, iOS, Flutter, Android",Mobile App Developer
"React Native, Android, iOS, Java",Mobile App Developer
"React Native, iOS, Swift, Flutter",Mobile App Developer
"Android, React Native, Dart, iOS",Mobile App Developer
"Android, iOS, Dart, React Native",Mobile App Developer
"Flutter, iOS, Android, React Native",Mobile App Developer
"Java, React Native, Flutter, Kotlin",Mobile App Developer
"React Native, Kotlin, Android, Swift",Mobile App Developer
"Java, Kotlin, Android, Swift",Mobile App Developer
"React Native, Flutter, Java, iOS",Mobile App Developer
"Dart, iOS, Kotlin, Android",Mobile App Developer
"Kotlin, Flutter, Swift, Android",Mobile App Developer
"Android, iOS, Dart, Flutter",Mobile App Developer
"Flutter, iOS, Java, React Native",Mobile App Developer
"iOS, Java, Android, Kotlin",Mobile App Developer
"Swift, React Native, Dart, iOS",Mobile App Developer
"React Native, Swift, Kotlin, Flutter",Mobile App Developer
"Flutter, React Native, iOS, Java",Mobile App Developer
"React Native, Flutter, Kotlin, Java",Mobile App Developer
"Dart, iOS, Flutter, Android",Mobile App Developer
"Dart, Android, Flutter, Kotlin",Mobile App Developer
"Java, Swift, Android, React Native",Mobile App Developer
"iOS, Flutter, Swift, Android",Mobile App Developer
"Flutter, Java, React Native, iOS",Mobile App Developer
"Android, Flutter, Java, iOS",Mobile App Developer
"Swift, iOS, Android, Kotlin",Mobile App Developer
"Flutter, iOS, React Native, Kotlin",Mobile App Developer
"Kotlin, Swift, Android, Java",Mobile App Developer
"Kotlin, Swift, Flutter, Android",Mobile App Developer
"Android, iOS, React Native, Kotlin",Mobile App Developer
"Java, React Native, Flutter, Swift",Mobile App Developer
"Android, Swift, Flutter, iOS",Mobile App Developer
"Dart, Java, Android, React Native",Mobile App Developer
"iOS, Android, Dart, Kotlin",Mobile App Developer
"Swift, Flutter, Kotlin, iOS",Mobile App Developer
"Android, Kotlin, Java, React Native",Mobile App Developer
"Android, React Native, iOS, Dart",Mobile App Developer
"Swift, Flutter, Android, Java",Mobile App Developer
"Kotlin, Dart, Android, iOS",Mobile App Developer
"Android, Dart, Flutter, Java",Mobile App Developer
"Flutter, iOS, React Native, Swift",Mobile App Developer
"React Native, Dart, Android, Swift",Mobile App Developer
"Kotlin, Swift, Dart, Flutter",Mobile App Developer
"React Native, Java, iOS, Swift",Mobile App Developer
"Java, Swift, Flutter, iOS",Mobile App Developer
"Swift, iOS, React Native, Flutter",Mobile App Developer
"Dart, Flutter, React Native, Android",Mobile App Developer
"Flutter, Java, Android, Kotlin",Mobile App Developer
"Kotlin, Dart, React Native, Flutter",Mobile App Developer
"Kotlin, React Native, Android, Dart",Mobile App Developer
"Flutter, Kotlin, iOS, React Native",Mobile App Developer
"Java, iOS, Swift, Flutter",Mobile App Developer
"Kotlin, Android, Swift, Java",Mobile App Developer
"Android, Java, Kotlin, Flutter",Mobile App Developer
"Docker, Terraform, Azure, AWS",Cloud Engineer
"Terraform, Azure, Kubernetes, Google Cloud",Cloud Engineer
"Azure, AWS, Terraform, Docker",Cloud Engineer
"Google Cloud, Kubernetes, Terraform, Azure",Cloud Engineer
"Docker, Kubernetes, Networking, Google Cloud",Cloud Engineer
"Linux, Kubernetes, Docker, Azure",Cloud Engineer
"Networking, Terraform, Google Cloud, AWS",Cloud Engineer
"Azure, Linux, Google Cloud, Terraform",Cloud Engineer
"Terraform, Networking, Docker, Azure",Cloud Engineer
"Azure, Networking, Kubernetes, AWS",Cloud Engineer
"Networking, Docker, Terraform, Azure",Cloud Engineer
"Networking, Kubernetes, Docker, Terraform",Cloud Engineer
"AWS, Linux, Kubernetes, Terraform",Cloud Engineer
"Kubernetes, Linux, AWS, Azure",Cloud Engineer
"AWS, Docker, Terraform, Google Cloud",Cloud Engineer
"Linux, AWS, Google Cloud, Azure",Cloud Engineer
"Networking, Google Cloud, Docker, Terraform",Cloud Engineer
"Networking, Terraform, Kubernetes, Azure",Cloud Engineer
"Terraform, Docker, AWS, Networking",Cloud Engineer
"Google Cloud, Azure, AWS, Kubernetes",Cloud Engineer
"Kubernetes, Docker, Networking, Google Cloud",Cloud Engineer
"Azure, Networking, Kubernetes, AWS",Cloud Engineer
"Terraform, Google Cloud, AWS, Azure",Cloud Engineer
"Terraform, Networking, Linux, AWS",Cloud Engineer
"Docker, Networking, Linux, Google Cloud",Cloud Engineer
"Networking, Terraform, Kubernetes, Azure",Cloud Engineer
"Azure, Kubernetes, Google Cloud, Networking",Cloud Engineer
"Terraform, Google Cloud, AWS, Kubernetes",Cloud Engineer
"Azure, Google Cloud, Linux, AWS",Cloud Engineer
"AWS, Google Cloud, Azure, Networking",Cloud Engineer
"Kubernetes, Docker, Terraform, Linux",Cloud Engineer
"Networking, AWS, Docker, Linux",Cloud Engineer
"Azure, Docker, Networking, AWS",Cloud Engineer
"Terraform, Kubernetes, Linux, Google Cloud",Cloud Engineer
"Google Cloud, Azure, Terraform, Kubernetes",Cloud Engineer
"Kubernetes, Google Cloud, Networking, Docker",Cloud Engineer
"AWS, Linux, Terraform, Docker",Cloud Engineer
"Azure, Google Cloud, Terraform, Kubernetes",Cloud Engineer
"Networking, Docker, Azure, Kubernetes",Cloud Engineer
"Networking, Docker, Google Cloud, Linux",Cloud Engineer
"Terraform, Azure, Networking, Docker",Cloud Engineer
"Docker, Kubernetes, Google Cloud, Azure",Cloud Engineer
"Linux, Terraform, Google Cloud, AWS",Cloud Engineer
"Google Cloud, Azure, Kubernetes, Linux",Cloud Engineer
"Terraform, Google Cloud, Docker, Linux",Cloud Engineer
"Google Cloud, Azure, Networking, AWS",Cloud Engineer
"Docker, Terraform, Networking, AWS",Cloud Engineer
"Kubernetes, Google Cloud, Networking, Azure",Cloud Engineer
"Kubernetes, AWS, Terraform, Azure",Cloud Engineer
"Terraform, Networking, Azure, Linux",Cloud Engineer
"Linux, Terraform, Azure, Docker",Cloud Engineer
"AWS, Linux, Kubernetes, Docker",Cloud Engineer
"Kubernetes, Networking, Terraform, Docker",Cloud Engineer
"AWS, Azure, Terraform, Google Cloud",Cloud Engineer
"Azure, Docker, Google Cloud, Terraform",Cloud Engineer
"AWS, Kubernetes, Linux, Terraform",Cloud Engineer
"Terraform, Docker, Linux, Networking",Cloud Engineer
"Terraform, AWS, Kubernetes, Networking",Cloud Engineer
"AWS, Terraform, Azure, Networking",Cloud Engineer
"Linux, AWS, Terraform, Azure",Cloud Engineer
"Kubernetes, Google Cloud, AWS, Terraform",Cloud Engineer
"Docker, Azure, AWS, Linux",Cloud Engineer
"Azure, Linux, AWS, Terraform",Cloud Engineer
"AWS, Docker, Terraform, Networking",Cloud Engineer
"Google Cloud, AWS, Networking, Linux",Cloud Engineer
"Docker, Azure, Google Cloud, AWS",Cloud Engineer
"Google Cloud, Networking, Linux, Docker",Cloud Engineer
"Linux, Google Cloud, Terraform, Networking",Cloud Engineer
"Azure, Terraform, Docker, Networking",Cloud Engineer
"Azure, Linux, Docker, Kubernetes",Cloud Engineer
"Linux, AWS, Docker, Azure",Cloud Engineer
"Networking, Azure, Linux, Kubernetes",Cloud Engineer
"AWS, Kubernetes, Terraform, Linux",Cloud Engineer
"AWS, Networking, Azure, Kubernetes",Cloud Engineer
"AWS, Google Cloud, Kubernetes, Azure",Cloud Engineer
"Google Cloud, Docker, AWS, Kubernetes",Cloud Engineer
"AWS, Docker, Kubernetes, Terraform",Cloud Engineer
"Networking, Google Cloud, Terraform, AWS",Cloud Engineer
"Docker, AWS, Google Cloud, Linux",Cloud Engineer
"Docker, Networking, Terraform, Google Cloud",Cloud Engineer
"Docker, Terraform, Google Cloud, Kubernetes",Cloud Engineer
"Google Cloud, Azure, Docker, Linux",Cloud Engineer
"Terraform, Google Cloud, Networking, Linux",Cloud Engineer
"Networking, Terraform, AWS, Kubernetes",Cloud Engineer
"Azure, Networking, Docker, Google Cloud",Cloud Engineer
"Docker, AWS, Linux, Terraform",Cloud Engineer
"Azure, Google Cloud, Docker, Terraform",Cloud Engineer
"AWS, Azure, Google Cloud, Networking",Cloud Engineer
"Kubernetes, Google Cloud, Azure, Networking",Cloud Engineer
"Linux, Azure, AWS, Kubernetes",Cloud Engineer
"Linux, Google Cloud, Terraform, Docker",Cloud Engineer
"Terraform, Kubernetes, Networking, Google Cloud",Cloud Engineer
"AWS, Docker, Google Cloud, Terraform",Cloud Engineer
"Networking, AWS, Terraform, Docker",Cloud Engineer
"Docker, Linux, Azure, AWS",Cloud Engineer
"Linux, Networking, Kubernetes, Azure",Cloud Engineer
"Linux, AWS, Azure, Docker",Cloud Engineer
"Linux, Kubernetes, AWS, Docker",Cloud Engineer
"Docker, Networking, Kubernetes, Linux",Cloud Engineer
"Azure, Linux, Networking, Docker",Cloud Engineer
"Bug Tracking, JUnit, Selenium, Manual Testing",QA Engineer
"Automation, Manual Testing, API Testing, Selenium",QA Engineer
"Selenium, Manual Testing, Bug Tracking, JUnit",QA Engineer
"API Testing, Automation, Manual Testing, JUnit",QA Engineer
"API Testing, Manual Testing, Testing, JUnit",QA Engineer
"API Testing, Manual Testing, Automation, TestNG",QA Engineer
"JUnit, TestNG, Manual Testing, Testing",QA Engineer
"JUnit, Manual Testing, Bug Tracking, Testing",QA Engineer
"Testing, Automation, Bug Tracking, API Testing",QA Engineer
"API Testing, JUnit, Manual Testing, Testing",QA Engineer
"API Testing, Testing, JUnit, TestNG",QA Engineer
"Selenium, Testing, TestNG, API Testing",QA Engineer
"Bug Tracking, TestNG, Automation, API Testing",QA Engineer
"Manual Testing, Testing, Automation, TestNG",QA Engineer
"Bug Tracking, Manual Testing, Selenium, Automation",QA Engineer
"API Testing, JUnit, Manual Testing, Testing",QA Engineer
"API Testing, Automation, Testing, Manual Testing",QA Engineer
"Manual Testing, Testing, Automation, TestNG",QA Engineer
"Selenium, API Testing, Manual Testing, Bug Tracking",QA Engineer
"API Testing, Manual Testing, Automation, JUnit",QA Engineer
"Testing, Bug Tracking, API Testing, TestNG",QA Engineer
"Selenium, TestNG, Testing, JUnit",QA Engineer
"API Testing, Selenium, Bug Tracking, Manual Testing",QA Engineer
"Bug Tracking, Selenium, JUnit, TestNG",QA Engineer
"Testing, Manual Testing, API Testing, Automation",QA Engineer
"API Testing, JUnit, Bug Tracking, Testing",QA Engineer
"Manual Testing, TestNG, Automation, Testing",QA Engineer
"JUnit, API Testing, TestNG, Manual Testing",QA Engineer
"TestNG, Manual Testing, Testing, JUnit",QA Engineer
"Manual Testing, Selenium, Bug Tracking, Automation",QA Engineer
"Selenium, API Testing, Automation, TestNG",QA Engineer
"Manual Testing, Bug Tracking, API Testing, Automation",QA Engineer
"API Testing, Selenium, Manual Testing, Automation",QA Engineer
"Automation, Bug Tracking, TestNG, Testing",QA Engineer
"Automation, Selenium, Bug Tracking, Manual Testing",QA Engineer
"Manual Testing, Automation, Bug Tracking, API Testing",QA Engineer
"API Testing, Selenium, Testing, JUnit",QA Engineer
"TestNG, Automation, Selenium, Bug Tracking",QA Engineer
"Selenium, Automation, Testing, API Testing",QA Engineer
"Bug Tracking, Selenium, JUnit, Automation",QA Engineer
"API Testing, Automation, TestNG, Selenium",QA Engineer
"Automation, JUnit, Selenium, Manual Testing",QA Engineer
"Manual Testing, TestNG, API Testing, Automation",QA Engineer
"API Testing, Bug Tracking, Selenium, Testing",QA Engineer
"Manual Testing, Testing, Automation, Selenium",QA Engineer
"Automation, Manual Testing, API Testing, Selenium",QA Engineer
"TestNG, API Testing, Testing, JUnit",QA Engineer
"Bug Tracking, API Testing, JUnit, Manual Testing",QA Engineer
"Manual Testing, Automation, Testing, TestNG",QA Engineer
"Testing, Manual Testing, Automation, JUnit",QA Engineer
"Bug Tracking, Manual Testing, Automation, TestNG",QA Engineer
"Bug Tracking, Automation, API Testing, Manual Testing",QA Engineer
"JUnit, Bug Tracking, API Testing, TestNG",QA Engineer
"API Testing, TestNG, Selenium, Automation",QA Engineer
"Selenium, Bug Tracking, Automation, API Testing",QA Engineer
"TestNG, API Testing, Selenium, JUnit",QA Engineer
"Selenium, API Testing, TestNG, JUnit",QA Engineer
"Testing, API Testing, Automation, Manual Testing",QA Engineer
"JUnit, Bug Tracking, Selenium, Testing",QA Engineer
"Manual Testing, Automation, TestNG, JUnit",QA Engineer
"Automation, Manual Testing, TestNG, API Testing",QA Engineer
"API Testing, Testing, Manual Testing, Automation",QA Engineer
"Automation, Bug Tracking, Manual Testing, Testing",QA Engineer
"Automation, Testing, Manual Testing, TestNG",QA Engineer
"API Testing, Selenium, Automation, Testing",QA Engineer
"Automation, Manual Testing, JUnit, TestNG",QA Engineer
"API Testing, Automation, TestNG, JUnit",QA Engineer
"JUnit, Automation, Bug Tracking, Testing",QA Engineer
"Automation, API Testing, Manual Testing, TestNG",QA Engineer
"TestNG, Bug Tracking, API Testing, Testing",QA Engineer
"Automation, Selenium, TestNG, Bug Tracking",QA Engineer
"Testing, Bug Tracking, TestNG, API Testing",QA Engineer
"TestNG, API Testing, Automation, JUnit",QA Engineer
"JUnit, Automation, Bug Tracking, Manual Testing",QA Engineer
"Manual Testing, Bug Tracking, JUnit, Testing",QA Engineer
"TestNG, Bug Tracking, Selenium, JUnit",QA Engineer
"TestNG, Testing, API Testing, Selenium",QA Engineer
"Selenium, Automation, API Testing, TestNG",QA Engineer
"Testing, Selenium, Bug Tracking, JUnit",QA Engineer
"JUnit, Automation, API Testing, Selenium",QA Engineer
"Manual Testing, TestNG, Testing, Bug Tracking",QA Engineer
"Automation, Testing, Bug Tracking, API Testing",QA Engineer
"Automation, Testing, Bug Tracking, TestNG",QA Engineer
"Selenium, JUnit, Testing, Manual Testing",QA Engineer
"Testing, API Testing, Manual Testing, Bug Tracking",QA Engineer
"TestNG, Manual Testing, Selenium, Automation",QA Engineer
"Selenium, Testing, JUnit, Automation",QA Engineer
"Manual Testing, Bug Tracking, API Testing, Testing",QA Engineer
"Selenium, JUnit, Testing, API Testing",QA Engineer
"Automation, JUnit, Bug Tracking, Selenium",QA Engineer
"Automation, Testing, Manual Testing, Bug Tracking",QA Engineer
"Bug Tracking, JUnit, TestNG, Selenium",QA Engineer
"Testing, Selenium, API Testing, Manual Testing",QA Engineer
"API Testing, Automation, Testing, Selenium",QA Engineer
"Bug Tracking, Selenium, Testing, TestNG",QA Engineer
"Manual Testing, Bug Tracking, TestNG, JUnit",QA Engineer
"JUnit, API Testing, Automation, Testing",QA Engineer
"Selenium, Automation, JUnit, TestNG",QA Engineer
"API Testing, Selenium, JUnit, Bug Tracking",QA Engineer
"Manual Testing, TestNG, API Testing, JUnit",QA Engineer
"Hibernate, Spring, REST API, Microservices",Java Developer
"Maven, Hibernate, JUnit, Spring",Java Developer
"SQL, REST API, JUnit, Java",Java Developer
"Microservices, Hibernate, Java, JUnit",Java Developer
"Java, Spring, Microservices, JUnit",Java Developer
"Microservices, SQL, Hibernate, Java",Java Developer
"Maven, Microservices, REST API, JUnit",Java Developer
"Maven, Microservices, JUnit, Hibernate",Java Developer
"Spring, Java, REST API, SQL",Java Developer
"Microservices, JUnit, SQL, Hibernate",Java Developer
"Maven, Microservices, Spring, Hibernate",Java Developer
"Microservices, Maven, REST API, JUnit",Java Developer
"Maven, SQL, Microservices, Hibernate",Java Developer
"Hibernate, Microservices, Java, Maven",Java Developer
"JUnit, SQL, Spring, Microservices",Java Developer
"Spring, Java, Hibernate, SQL",Java Developer
"Hibernate, JUnit, Maven, REST API",Java Developer
"Hibernate, Maven, REST API, Java",Java Developer
"JUnit, Spring, Hibernate, Microservices",Java Developer
"JUnit, Spring, REST API, Microservices",Java Developer
"JUnit, Java, REST API, Microservices",Java Developer
"JUnit, Maven, Spring, REST API",Java Developer
"SQL, Maven, REST API, JUnit",Java Developer
"Spring, SQL, Maven, Microservices",Java Developer
"Hibernate, Java, Maven, SQL",Java Developer
"REST API, Maven, Microservices, Java",Java Developer
"REST API, Java, JUnit, Microservices",Java Developer
"REST API, JUnit, SQL, Maven",Java Developer
"Hibernate, Spring, REST API, Microservices",Java Developer
"Microservices, REST API, Maven, Spring",Java Developer
"Java, SQL, REST API, Microservices",Java Developer
"Spring, Microservices, JUnit, REST API",Java Developer
"REST API, Maven, Spring, SQL",Java Developer
"Java, REST API, SQL, Maven",Java Developer
"Microservices, Hibernate, Java, JUnit",Java Developer
"REST API, Java, Spring, JUnit",Java Developer
"Hibernate, Maven, REST API, Microservices",Java Developer
"SQL, JUnit, Hibernate, REST API",Java Developer
"SQL, Hibernate, Maven, Microservices",Java Developer
"SQL, REST API, Spring, Microservices",Java Developer
"Hibernate, Java, REST API, Spring",Java Developer
"Hibernate, REST API, SQL, JUnit",Java Developer
"SQL, Spring, Microservices, JUnit",Java Developer
"Maven, Spring, Java, SQL",Java Developer
"Java, SQL, Spring, Microservices",Java Developer
"Spring, SQL, Maven, Microservices",Java Developer
"JUnit, Hibernate, REST API, SQL",Java Developer
"Spring, JUnit, Hibernate, Java",Java Developer
"Microservices, Spring, REST API, Maven",Java Developer
"Hibernate, Microservices, SQL, REST API",Java Developer
"Spring, REST API, Maven, Java",Java Developer
"Java, Spring, Hibernate, SQL",Java Developer
"Hibernate, REST API, JUnit, Microservices",Java Developer
"Microservices, SQL, Java, Spring",Java Developer
"REST API, Microservices, JUnit, SQL",Java Developer
"Spring, Hibernate, Maven, SQL",Java Developer
"Hibernate, SQL, Spring, Microservices",Java Developer
"Spring, SQL, JUnit, Microservices",Java Developer
"Java, Spring, REST API, Hibernate",Java Developer
"Hibernate, Spring, SQL, Java",Java Developer
"SQL, Spring, Java, Maven",Java Developer
"JUnit, Maven, SQL, Spring",Java Developer
"REST API, Spring, Microservices, Java",Java Developer
"Java, Hibernate, JUnit, Microservices",Java Developer
"Hibernate, Spring, Maven, Java",Java Developer
"SQL, Spring, Maven, Microservices",Java Developer
"Hibernate, JUnit, REST API, Microservices",Java Developer
"REST API, Hibernate, Spring, Maven",Java Developer
"Spring, Microservices, SQL, Hibernate",Java Developer
"JUnit, Spring, Java, Maven",Java Developer
"REST API, SQL, Java, JUnit",Java Developer
"Maven, Java, Hibernate, JUnit",Java Developer
"Hibernate, SQL, Java, Spring",Java Developer
"SQL, Microservices, REST API, Hibernate",Java Developer
"Microservices, SQL, Spring, Java",Java Developer
"Spring, SQL, Java, Microservices",Java Developer
"Hibernate, SQL, Spring, JUnit",Java Developer
"Hibernate, Java, Maven, REST API",Java Developer
"JUnit, SQL, Java, REST API",Java Developer
"Java, REST API, Microservices, Hibernate",Java Developer
"Hibernate, Spring, Maven, Microservices",Java Developer
"JUnit, Maven, Microservices, Spring",Java Developer
"Hibernate, Maven, SQL, Microservices",Java Developer
"Microservices, Hibernate, Spring, JUnit",Java Developer
"Maven, Hibernate, Spring, Java",Java Developer
"Spring, JUnit, SQL, REST API",Java Developer
"Hibernate, SQL, REST API, JUnit",Java Developer
"REST API, Java, SQL, Spring",Java Developer
"JUnit, Java, SQL, Hibernate",Java Developer
"Microservices, REST API, SQL, Spring",Java Developer
"SQL, JUnit, Java, Hibernate",Java Developer
"Hibernate, Spring, SQL, Java",Java Developer
"SQL, JUnit, Spring, Maven",Java Developer
"JUnit, SQL, Spring, Microservices",Java Developer
"REST API, Spring, Hibernate, JUnit",Java Developer
"REST API, SQL, Java, Maven",Java Developer
"JUnit, Hibernate, Spring, Maven",Java Developer
"Microservices, Spring, REST API, JUnit",Java Developer
"Spring, Hibernate, Microservices, SQL",Java Developer
"Spring, JUnit, Java, Hibernate",Java Developer